First Name,Last Name,Email,Password,
Kristina,Chung,Kristina.Chung@gmail.com,123,
Paige,Chen,Paige.Chen@gmail.com,123,
Sherri,Melton,Sherri.Melton@gmail.com,123,
Gretchen,Hill,Gretchen.Hill@gmail.com,123,
Karen,Puckett,Karen.Puckett@gmail.com,123,
Patrick,Song,Patrick.Song@gmail.com,123,
Elsie,Hamilton,Elsie.Hamilton@gmail.com,123,
Hazel,Bender,Hazel.Bender@gmail.com,123,
Malcolm,Wagner,Malcolm.Wagner@gmail.com,123,
Dolores,McLaughlin,Dolores.McLaughlin@gmail.com,123,
Francis,McNamara,Francis.McNamara@gmail.com,123,
Sandy,Raynor,Sandy.Raynor@gmail.com,123,
Marion,Moon,Marion.Moon@gmail.com,123,
Beth,Woodard,Beth.Woodard@gmail.com,123,
Julia,Desai,Julia.Desai@gmail.com,123,
Jerome,Wallace,Jerome.Wallace@gmail.com,123,
Neal,Lawrence,Neal.Lawrence@gmail.com,123,
Jean,Griffin,Jean.Griffin@gmail.com,123,
Kristine,Dougherty,Kristine.Dougherty@gmail.com,123,
Crystal,Powers,Crystal.Powers@gmail.com,123,
Alex,May,Alex.May@gmail.com,123,
Eric,Steele,Eric.Steele@gmail.com,123,
Wesley,Teague,Wesley.Teague@gmail.com,123,
Franklin,Vick,Franklin.Vick@gmail.com,123,
Claire,Gallagher,Claire.Gallagher@gmail.com,123,
Marian,Solomon,Marian.Solomon@gmail.com,123,
Marcia,Walsh,Marcia.Walsh@gmail.com,123,
Dwight,Monroe,Dwight.Monroe@gmail.com,123,
Wayne,Connolly,Wayne.Connolly@gmail.com,123,
Stephanie,Hawkins,Stephanie.Hawkins@gmail.com,123,
Neal,Middleton,Neal.Middleton@gmail.com,123,
Gretchen,Goldstein,Gretchen.Goldstein@gmail.com,123,
Tim,Watts,Tim.Watts@gmail.com,123,
Jerome,Johnston,Jerome.Johnston@gmail.com,123,
Shelley,Weeks,Shelley.Weeks@gmail.com,123,
Priscilla,Wilkerson,Priscilla.Wilkerson@gmail.com,123,
Elsie,Barton,Elsie.Barton@gmail.com,123,
Beth,Walton,Beth.Walton@gmail.com,123,
Erica,Hall,Erica.Hall@gmail.com,123,
Douglas,Ross,Douglas.Ross@gmail.com,123,
Donald,Chung,Donald.Chung@gmail.com,123,
Katherine,Bender,Katherine.Bender@gmail.com,123,
Paul,Woods,Paul.Woods@gmail.com,123,
Patricia,Mangum,Patricia.Mangum@gmail.com,123,
Lois,Joseph,Lois.Joseph@gmail.com,123,
Louis,Rosenthal,Louis.Rosenthal@gmail.com,123,
Christina,Bowden,Christina.Bowden@gmail.com,123,
Darlene,Barton,Darlene.Barton@gmail.com,123,
Harvey,Underwood,Harvey.Underwood@gmail.com,123,
William,Jones,William.Jones@gmail.com,123,
Frederick,Baker,Frederick.Baker@gmail.com,123,
Shirley,Merritt,Shirley.Merritt@gmail.com,123,
Jason,Cross,Jason.Cross@gmail.com,123,
Judith,Cooper,Judith.Cooper@gmail.com,123,
Gretchen,Holmes,Gretchen.Holmes@gmail.com,123,
Don,Sharpe,Don.Sharpe@gmail.com,123,
Glenda,Morgan,Glenda.Morgan@gmail.com,123,
Scott,Hoyle,Scott.Hoyle@gmail.com,123,
Pat,Allen,Pat.Allen@gmail.com,123,
Michelle,Rich,Michelle.Rich@gmail.com,123,
Jessica,Rich,Jessica.Rich@gmail.com,123,
Evan,Grant,Evan.Grant@gmail.com,123,
Melinda,Proctor,Melinda.Proctor@gmail.com,123,
Calvin,Diaz,Calvin.Diaz@gmail.com,123,
Eugene,Graham,Eugene.Graham@gmail.com,123,
Vickie,Watkins,Vickie.Watkins@gmail.com,123,
Luis,Hinton,Luis.Hinton@gmail.com,123,
Allan,Marsh,Allan.Marsh@gmail.com,123,
Melanie,Hewitt,Melanie.Hewitt@gmail.com,123,
Marianne,Branch,Marianne.Branch@gmail.com,123,
Natalie,Walton,Natalie.Walton@gmail.com,123,
Caroline,O'Brien,Caroline.O'Brien@gmail.com,123,
Arlene,Case,Arlene.Case@gmail.com,123,
Kyle,Watts,Kyle.Watts@gmail.com,123,
Calvin,Christensen,Calvin.Christensen@gmail.com,123,
Gary,Parks,Gary.Parks@gmail.com,123,
Samantha,Hardin,Samantha.Hardin@gmail.com,123,
Sara,Lucas,Sara.Lucas@gmail.com,123,
Stacy,Eason,Stacy.Eason@gmail.com,123,
Gladys,Davidson,Gladys.Davidson@gmail.com,123,
Mike,Whitehead,Mike.Whitehead@gmail.com,123,
Lynne,Rose,Lynne.Rose@gmail.com,123,
Faye,Sparks,Faye.Sparks@gmail.com,123,
Diana,Moore,Diana.Moore@gmail.com,123,
Leon,Pearson,Leon.Pearson@gmail.com,123,
Ethel,Rodgers,Ethel.Rodgers@gmail.com,123,
Steve,Graves,Steve.Graves@gmail.com,123,
Alison,Scarborough,Alison.Scarborough@gmail.com,123,
Sherri,Sutton,Sherri.Sutton@gmail.com,123,
Patsy,Sinclair,Patsy.Sinclair@gmail.com,123,
Kelly,Bowman,Kelly.Bowman@gmail.com,123,
Stacy,Olsen,Stacy.Olsen@gmail.com,123,
Curtis,Love,Curtis.Love@gmail.com,123,
Dana,McLean,Dana.McLean@gmail.com,123,
Jennifer,Christian,Jennifer.Christian@gmail.com,123,
Brett,Lamb,Brett.Lamb@gmail.com,123,
Brandon,James,Brandon.James@gmail.com,123,
Keith,Chandler,Keith.Chandler@gmail.com,123,
Joann,Stout,Joann.Stout@gmail.com,123,
